{"nodes":{"node:2523309468352":{"location":{"x":261,"y":15}}},"selection":null,"view":{"scroll":{"x":-41.1495742797851562,"y":-113.404434204101562},"visible_rect":{"max":{"x":871.2337646484375,"y":349.730438232421875},"min":{"x":-27.4330520629882812,"y":-75.60296630859375}},"zoom":1.4999997615814209}}